Sample in Buffer,Sample in Window,TRIGGER,ae_event_capture_inst/trig_pulse,ae_event_capture_inst/capture_busy,ae_event_capture_inst/event_wait_ddr,ae_event_capture_inst/event_wait_upload,ae_event_capture_inst/event_overflow,ae_event_capture_inst/trigger_sample_index[31:0],ae_event_capture_inst/ds_sample_valid_dbg,ae_event_capture_inst/active_ch_mask_dbg[15:0],ae_event_capture_inst/sample_rate_div_dbg[15:0],ae_event_capture_inst/trig_threshold_dbg[15:0]
Radix - UNSIGNED,UNSIGNED,UNSIGNED,HEX,HEX,HEX,HEX,HEX,SIGNED,HEX,HEX,HEX,SIGNED
0,0,0,0,0,0,0,0,63407737,0,000f,0004,4000
1,1,0,0,0,0,0,0,63407737,1,000f,0004,4000
2,2,0,0,0,0,0,0,63407737,0,000f,0004,4000
3,3,0,0,0,0,0,0,63407737,0,000f,0004,4000
4,4,0,0,0,0,0,0,63407737,0,000f,0004,4000
5,5,0,0,0,0,0,0,63407737,1,000f,0004,4000
6,6,0,0,0,0,0,0,63407737,0,000f,0004,4000
7,7,0,0,0,0,0,0,63407737,0,000f,0004,4000
8,8,0,0,0,0,0,0,63407737,0,000f,0004,4000
9,9,0,0,0,0,0,0,63407737,1,000f,0004,4000
10,10,1,1,1,0,0,0,63415985,0,000f,0004,4000
11,11,0,0,1,0,0,0,63415985,0,000f,0004,4000
12,12,0,0,1,0,0,0,63415985,0,000f,0004,4000
13,13,0,0,1,0,0,0,63415985,1,000f,0004,4000
14,14,0,0,1,0,0,0,63415985,0,000f,0004,4000
15,15,0,0,1,0,0,0,63415985,0,000f,0004,4000
16,16,0,0,1,0,0,0,63415985,0,000f,0004,4000
17,17,0,0,1,0,0,0,63415985,1,000f,0004,4000
18,18,0,0,1,0,0,0,63415985,0,000f,0004,4000
19,19,0,0,1,0,0,0,63415985,0,000f,0004,4000
20,20,0,0,1,0,0,0,63415985,0,000f,0004,4000
21,21,0,0,1,0,0,0,63415985,1,000f,0004,4000
22,22,0,0,1,0,0,0,63415985,0,000f,0004,4000
23,23,0,0,1,0,0,0,63415985,0,000f,0004,4000
24,24,0,0,1,0,0,0,63415985,0,000f,0004,4000
25,25,0,0,1,0,0,0,63415985,1,000f,0004,4000
26,26,0,0,1,0,0,0,63415985,0,000f,0004,4000
27,27,0,0,1,0,0,0,63415985,0,000f,0004,4000
28,28,0,0,1,0,0,0,63415985,0,000f,0004,4000
29,29,0,0,1,0,0,0,63415985,1,000f,0004,4000
30,30,0,0,1,0,0,0,63415985,0,000f,0004,4000
31,31,0,0,1,0,0,0,63415985,0,000f,0004,4000
32,32,0,0,1,0,0,0,63415985,0,000f,0004,4000
33,33,0,0,1,0,0,0,63415985,1,000f,0004,4000
34,34,0,0,1,0,0,0,63415985,0,000f,0004,4000
35,35,0,0,1,0,0,0,63415985,0,000f,0004,4000
36,36,0,0,1,0,0,0,63415985,0,000f,0004,4000
37,37,0,0,1,0,0,0,63415985,1,000f,0004,4000
38,38,0,0,1,0,0,0,63415985,0,000f,0004,4000
39,39,0,0,1,0,0,0,63415985,0,000f,0004,4000
40,40,0,0,1,0,0,0,63415985,0,000f,0004,4000
41,41,0,0,1,0,0,0,63415985,1,000f,0004,4000
42,42,0,0,1,0,0,0,63415985,0,000f,0004,4000
43,43,0,0,1,0,0,0,63415985,0,000f,0004,4000
44,44,0,0,1,0,0,0,63415985,0,000f,0004,4000
45,45,0,0,1,0,0,0,63415985,1,000f,0004,4000
46,46,0,0,1,0,0,0,63415985,0,000f,0004,4000
47,47,0,0,1,0,0,0,63415985,0,000f,0004,4000
48,48,0,0,1,0,0,0,63415985,0,000f,0004,4000
49,49,0,0,1,0,0,0,63415985,1,000f,0004,4000
50,50,0,0,1,0,0,0,63415985,0,000f,0004,4000
51,51,0,0,1,0,0,0,63415985,0,000f,0004,4000
52,52,0,0,1,0,0,0,63415985,0,000f,0004,4000
53,53,0,0,1,0,0,0,63415985,1,000f,0004,4000
54,54,0,0,1,0,0,0,63415985,0,000f,0004,4000
55,55,0,0,1,0,0,0,63415985,0,000f,0004,4000
56,56,0,0,1,0,0,0,63415985,0,000f,0004,4000
57,57,0,0,1,0,0,0,63415985,1,000f,0004,4000
58,58,0,0,1,0,0,0,63415985,0,000f,0004,4000
59,59,0,0,1,0,0,0,63415985,0,000f,0004,4000
60,60,0,0,1,0,0,0,63415985,0,000f,0004,4000
61,61,0,0,1,0,0,0,63415985,1,000f,0004,4000
62,62,0,0,1,0,0,0,63415985,0,000f,0004,4000
63,63,0,0,1,0,0,0,63415985,0,000f,0004,4000
64,64,0,0,1,0,0,0,63415985,0,000f,0004,4000
65,65,0,0,1,0,0,0,63415985,1,000f,0004,4000
66,66,0,0,1,0,0,0,63415985,0,000f,0004,4000
67,67,0,0,1,0,0,0,63415985,0,000f,0004,4000
68,68,0,0,1,0,0,0,63415985,0,000f,0004,4000
69,69,0,0,1,0,0,0,63415985,1,000f,0004,4000
70,70,0,0,1,0,0,0,63415985,0,000f,0004,4000
71,71,0,0,1,0,0,0,63415985,0,000f,0004,4000
72,72,0,0,1,0,0,0,63415985,0,000f,0004,4000
73,73,0,0,1,0,0,0,63415985,1,000f,0004,4000
74,74,0,0,1,0,0,0,63415985,0,000f,0004,4000
75,75,0,0,1,0,0,0,63415985,0,000f,0004,4000
76,76,0,0,1,0,0,0,63415985,0,000f,0004,4000
77,77,0,0,1,0,0,0,63415985,1,000f,0004,4000
78,78,0,0,1,0,0,0,63415985,0,000f,0004,4000
79,79,0,0,1,0,0,0,63415985,0,000f,0004,4000
80,80,0,0,1,0,0,0,63415985,0,000f,0004,4000
81,81,0,0,1,0,0,0,63415985,1,000f,0004,4000
82,82,0,0,1,0,0,0,63415985,0,000f,0004,4000
83,83,0,0,1,0,0,0,63415985,0,000f,0004,4000
84,84,0,0,1,0,0,0,63415985,0,000f,0004,4000
85,85,0,0,1,0,0,0,63415985,1,000f,0004,4000
86,86,0,0,1,0,0,0,63415985,0,000f,0004,4000
87,87,0,0,1,0,0,0,63415985,0,000f,0004,4000
88,88,0,0,1,0,0,0,63415985,0,000f,0004,4000
89,89,0,0,1,0,0,0,63415985,1,000f,0004,4000
90,90,0,0,1,0,0,0,63415985,0,000f,0004,4000
91,91,0,0,1,0,0,0,63415985,0,000f,0004,4000
92,92,0,0,1,0,0,0,63415985,0,000f,0004,4000
93,93,0,0,1,0,0,0,63415985,1,000f,0004,4000
94,94,0,0,1,0,0,0,63415985,0,000f,0004,4000
95,95,0,0,1,0,0,0,63415985,0,000f,0004,4000
96,96,0,0,1,0,0,0,63415985,0,000f,0004,4000
97,97,0,0,1,0,0,0,63415985,1,000f,0004,4000
98,98,0,0,1,0,0,0,63415985,0,000f,0004,4000
99,99,0,0,1,0,0,0,63415985,0,000f,0004,4000
100,100,0,0,1,0,0,0,63415985,0,000f,0004,4000
101,101,0,0,1,0,0,0,63415985,1,000f,0004,4000
102,102,0,0,1,0,0,0,63415985,0,000f,0004,4000
103,103,0,0,1,0,0,0,63415985,0,000f,0004,4000
104,104,0,0,1,0,0,0,63415985,0,000f,0004,4000
105,105,0,0,1,0,0,0,63415985,1,000f,0004,4000
106,106,0,0,1,0,0,0,63415985,0,000f,0004,4000
107,107,0,0,1,0,0,0,63415985,0,000f,0004,4000
108,108,0,0,1,0,0,0,63415985,0,000f,0004,4000
109,109,0,0,1,0,0,0,63415985,1,000f,0004,4000
110,110,0,0,1,0,0,0,63415985,0,000f,0004,4000
111,111,0,0,1,0,0,0,63415985,0,000f,0004,4000
112,112,0,0,1,0,0,0,63415985,0,000f,0004,4000
113,113,0,0,1,0,0,0,63415985,1,000f,0004,4000
114,114,0,0,1,0,0,0,63415985,0,000f,0004,4000
115,115,0,0,1,0,0,0,63415985,0,000f,0004,4000
116,116,0,0,1,0,0,0,63415985,0,000f,0004,4000
117,117,0,0,1,0,0,0,63415985,1,000f,0004,4000
118,118,0,0,1,0,0,0,63415985,0,000f,0004,4000
119,119,0,0,1,0,0,0,63415985,0,000f,0004,4000
120,120,0,0,1,0,0,0,63415985,0,000f,0004,4000
121,121,0,0,1,0,0,0,63415985,1,000f,0004,4000
122,122,0,0,1,0,0,0,63415985,0,000f,0004,4000
123,123,0,0,1,0,0,0,63415985,0,000f,0004,4000
124,124,0,0,1,0,0,0,63415985,0,000f,0004,4000
125,125,0,0,1,0,0,0,63415985,1,000f,0004,4000
126,126,0,0,1,0,0,0,63415985,0,000f,0004,4000
127,127,0,0,1,0,0,0,63415985,0,000f,0004,4000
128,128,0,0,1,0,0,0,63415985,0,000f,0004,4000
129,129,0,0,1,0,0,0,63415985,1,000f,0004,4000
130,130,0,0,1,0,0,0,63415985,0,000f,0004,4000
131,131,0,0,1,0,0,0,63415985,0,000f,0004,4000
132,132,0,0,1,0,0,0,63415985,0,000f,0004,4000
133,133,0,0,1,0,0,0,63415985,1,000f,0004,4000
134,134,0,0,1,0,0,0,63415985,0,000f,0004,4000
135,135,0,0,1,0,0,0,63415985,0,000f,0004,4000
136,136,0,0,1,0,0,0,63415985,0,000f,0004,4000
137,137,0,0,1,0,0,0,63415985,1,000f,0004,4000
138,138,0,0,1,0,0,0,63415985,0,000f,0004,4000
139,139,0,0,1,0,0,0,63415985,0,000f,0004,4000
140,140,0,0,1,0,0,0,63415985,0,000f,0004,4000
141,141,0,0,1,0,0,0,63415985,1,000f,0004,4000
142,142,0,0,1,0,0,0,63415985,0,000f,0004,4000
143,143,0,0,1,0,0,0,63415985,0,000f,0004,4000
144,144,0,0,1,0,0,0,63415985,0,000f,0004,4000
145,145,0,0,1,0,0,0,63415985,1,000f,0004,4000
146,146,0,0,1,0,0,0,63415985,0,000f,0004,4000
147,147,0,0,1,0,0,0,63415985,0,000f,0004,4000
148,148,0,0,1,0,0,0,63415985,0,000f,0004,4000
149,149,0,0,1,0,0,0,63415985,1,000f,0004,4000
150,150,0,0,1,0,0,0,63415985,0,000f,0004,4000
151,151,0,0,1,0,0,0,63415985,0,000f,0004,4000
152,152,0,0,1,0,0,0,63415985,0,000f,0004,4000
153,153,0,0,1,0,0,0,63415985,1,000f,0004,4000
154,154,0,0,1,0,0,0,63415985,0,000f,0004,4000
155,155,0,0,1,0,0,0,63415985,0,000f,0004,4000
156,156,0,0,1,0,0,0,63415985,0,000f,0004,4000
157,157,0,0,1,0,0,0,63415985,1,000f,0004,4000
158,158,0,0,1,0,0,0,63415985,0,000f,0004,4000
159,159,0,0,1,0,0,0,63415985,0,000f,0004,4000
160,160,0,0,1,0,0,0,63415985,0,000f,0004,4000
161,161,0,0,1,0,0,0,63415985,1,000f,0004,4000
162,162,0,0,1,0,0,0,63415985,0,000f,0004,4000
163,163,0,0,1,0,0,0,63415985,0,000f,0004,4000
164,164,0,0,1,0,0,0,63415985,0,000f,0004,4000
165,165,0,0,1,0,0,0,63415985,1,000f,0004,4000
166,166,0,0,1,0,0,0,63415985,0,000f,0004,4000
167,167,0,0,1,0,0,0,63415985,0,000f,0004,4000
168,168,0,0,1,0,0,0,63415985,0,000f,0004,4000
169,169,0,0,1,0,0,0,63415985,1,000f,0004,4000
170,170,0,0,1,0,0,0,63415985,0,000f,0004,4000
171,171,0,0,1,0,0,0,63415985,0,000f,0004,4000
172,172,0,0,1,0,0,0,63415985,0,000f,0004,4000
173,173,0,0,1,0,0,0,63415985,1,000f,0004,4000
174,174,0,0,1,0,0,0,63415985,0,000f,0004,4000
175,175,0,0,1,0,0,0,63415985,0,000f,0004,4000
176,176,0,0,1,0,0,0,63415985,0,000f,0004,4000
177,177,0,0,1,0,0,0,63415985,1,000f,0004,4000
178,178,0,0,1,0,0,0,63415985,0,000f,0004,4000
179,179,0,0,1,0,0,0,63415985,0,000f,0004,4000
180,180,0,0,1,0,0,0,63415985,0,000f,0004,4000
181,181,0,0,1,0,0,0,63415985,1,000f,0004,4000
182,182,0,0,1,0,0,0,63415985,0,000f,0004,4000
183,183,0,0,1,0,0,0,63415985,0,000f,0004,4000
184,184,0,0,1,0,0,0,63415985,0,000f,0004,4000
185,185,0,0,1,0,0,0,63415985,1,000f,0004,4000
186,186,0,0,1,0,0,0,63415985,0,000f,0004,4000
187,187,0,0,1,0,0,0,63415985,0,000f,0004,4000
188,188,0,0,1,0,0,0,63415985,0,000f,0004,4000
189,189,0,0,1,0,0,0,63415985,1,000f,0004,4000
190,190,0,0,1,0,0,0,63415985,0,000f,0004,4000
191,191,0,0,1,0,0,0,63415985,0,000f,0004,4000
192,192,0,0,1,0,0,0,63415985,0,000f,0004,4000
193,193,0,0,1,0,0,0,63415985,1,000f,0004,4000
194,194,0,0,1,0,0,0,63415985,0,000f,0004,4000
195,195,0,0,1,0,0,0,63415985,0,000f,0004,4000
196,196,0,0,1,0,0,0,63415985,0,000f,0004,4000
197,197,0,0,1,0,0,0,63415985,1,000f,0004,4000
198,198,0,0,1,0,0,0,63415985,0,000f,0004,4000
199,199,0,0,1,0,0,0,63415985,0,000f,0004,4000
200,200,0,0,1,0,0,0,63415985,0,000f,0004,4000
201,201,0,0,1,0,0,0,63415985,1,000f,0004,4000
202,202,0,0,1,0,0,0,63415985,0,000f,0004,4000
203,203,0,0,1,0,0,0,63415985,0,000f,0004,4000
204,204,0,0,1,0,0,0,63415985,0,000f,0004,4000
205,205,0,0,1,0,0,0,63415985,1,000f,0004,4000
206,206,0,0,1,0,0,0,63415985,0,000f,0004,4000
207,207,0,0,1,0,0,0,63415985,0,000f,0004,4000
208,208,0,0,1,0,0,0,63415985,0,000f,0004,4000
209,209,0,0,1,0,0,0,63415985,1,000f,0004,4000
210,210,0,0,1,0,0,0,63415985,0,000f,0004,4000
211,211,0,0,1,0,0,0,63415985,0,000f,0004,4000
212,212,0,0,1,0,0,0,63415985,0,000f,0004,4000
213,213,0,0,1,0,0,0,63415985,1,000f,0004,4000
214,214,0,0,1,0,0,0,63415985,0,000f,0004,4000
215,215,0,0,1,0,0,0,63415985,0,000f,0004,4000
216,216,0,0,1,0,0,0,63415985,0,000f,0004,4000
217,217,0,0,1,0,0,0,63415985,1,000f,0004,4000
218,218,0,0,1,0,0,0,63415985,0,000f,0004,4000
219,219,0,0,1,0,0,0,63415985,0,000f,0004,4000
220,220,0,0,1,0,0,0,63415985,0,000f,0004,4000
221,221,0,0,1,0,0,0,63415985,1,000f,0004,4000
222,222,0,0,1,0,0,0,63415985,0,000f,0004,4000
223,223,0,0,1,0,0,0,63415985,0,000f,0004,4000
224,224,0,0,1,0,0,0,63415985,0,000f,0004,4000
225,225,0,0,1,0,0,0,63415985,1,000f,0004,4000
226,226,0,0,1,0,0,0,63415985,0,000f,0004,4000
227,227,0,0,1,0,0,0,63415985,0,000f,0004,4000
228,228,0,0,1,0,0,0,63415985,0,000f,0004,4000
229,229,0,0,1,0,0,0,63415985,1,000f,0004,4000
230,230,0,0,1,0,0,0,63415985,0,000f,0004,4000
231,231,0,0,1,0,0,0,63415985,0,000f,0004,4000
232,232,0,0,1,0,0,0,63415985,0,000f,0004,4000
233,233,0,0,1,0,0,0,63415985,1,000f,0004,4000
234,234,0,0,1,0,0,0,63415985,0,000f,0004,4000
235,235,0,0,1,0,0,0,63415985,0,000f,0004,4000
236,236,0,0,1,0,0,0,63415985,0,000f,0004,4000
237,237,0,0,1,0,0,0,63415985,1,000f,0004,4000
238,238,0,0,1,0,0,0,63415985,0,000f,0004,4000
239,239,0,0,1,0,0,0,63415985,0,000f,0004,4000
240,240,0,0,1,0,0,0,63415985,0,000f,0004,4000
241,241,0,0,1,0,0,0,63415985,1,000f,0004,4000
242,242,0,0,1,0,0,0,63415985,0,000f,0004,4000
243,243,0,0,1,0,0,0,63415985,0,000f,0004,4000
244,244,0,0,1,0,0,0,63415985,0,000f,0004,4000
245,245,0,0,1,0,0,0,63415985,1,000f,0004,4000
246,246,0,0,1,0,0,0,63415985,0,000f,0004,4000
247,247,0,0,1,0,0,0,63415985,0,000f,0004,4000
248,248,0,0,1,0,0,0,63415985,0,000f,0004,4000
249,249,0,0,1,0,0,0,63415985,1,000f,0004,4000
250,250,0,0,1,0,0,0,63415985,0,000f,0004,4000
251,251,0,0,1,0,0,0,63415985,0,000f,0004,4000
252,252,0,0,1,0,0,0,63415985,0,000f,0004,4000
253,253,0,0,1,0,0,0,63415985,1,000f,0004,4000
254,254,0,0,1,0,0,0,63415985,0,000f,0004,4000
255,255,0,0,1,0,0,0,63415985,0,000f,0004,4000
256,256,0,0,1,0,0,0,63415985,0,000f,0004,4000
257,257,0,0,1,0,0,0,63415985,1,000f,0004,4000
258,258,0,0,1,0,0,0,63415985,0,000f,0004,4000
259,259,0,0,1,0,0,0,63415985,0,000f,0004,4000
260,260,0,0,1,0,0,0,63415985,0,000f,0004,4000
261,261,0,0,1,0,0,0,63415985,1,000f,0004,4000
262,262,0,0,1,0,0,0,63415985,0,000f,0004,4000
263,263,0,0,1,0,0,0,63415985,0,000f,0004,4000
264,264,0,0,1,0,0,0,63415985,0,000f,0004,4000
265,265,0,0,1,0,0,0,63415985,1,000f,0004,4000
266,266,0,0,1,0,0,0,63415985,0,000f,0004,4000
267,267,0,0,1,0,0,0,63415985,0,000f,0004,4000
268,268,0,0,1,0,0,0,63415985,0,000f,0004,4000
269,269,0,0,1,0,0,0,63415985,1,000f,0004,4000
270,270,0,0,1,0,0,0,63415985,0,000f,0004,4000
271,271,0,0,1,0,0,0,63415985,0,000f,0004,4000
272,272,0,0,1,0,0,0,63415985,0,000f,0004,4000
273,273,0,0,1,0,0,0,63415985,1,000f,0004,4000
274,274,0,0,1,0,0,0,63415985,0,000f,0004,4000
275,275,0,0,1,0,0,0,63415985,0,000f,0004,4000
276,276,0,0,1,0,0,0,63415985,0,000f,0004,4000
277,277,0,0,1,0,0,0,63415985,1,000f,0004,4000
278,278,0,0,1,0,0,0,63415985,0,000f,0004,4000
279,279,0,0,1,0,0,0,63415985,0,000f,0004,4000
280,280,0,0,1,0,0,0,63415985,0,000f,0004,4000
281,281,0,0,1,0,0,0,63415985,1,000f,0004,4000
282,282,0,0,1,0,0,0,63415985,0,000f,0004,4000
283,283,0,0,1,0,0,0,63415985,0,000f,0004,4000
284,284,0,0,1,0,0,0,63415985,0,000f,0004,4000
285,285,0,0,1,0,0,0,63415985,1,000f,0004,4000
286,286,0,0,1,0,0,0,63415985,0,000f,0004,4000
287,287,0,0,1,0,0,0,63415985,0,000f,0004,4000
288,288,0,0,1,0,0,0,63415985,0,000f,0004,4000
289,289,0,0,1,0,0,0,63415985,1,000f,0004,4000
290,290,0,0,1,0,0,0,63415985,0,000f,0004,4000
291,291,0,0,1,0,0,0,63415985,0,000f,0004,4000
292,292,0,0,1,0,0,0,63415985,0,000f,0004,4000
293,293,0,0,1,0,0,0,63415985,1,000f,0004,4000
294,294,0,0,1,0,0,0,63415985,0,000f,0004,4000
295,295,0,0,1,0,0,0,63415985,0,000f,0004,4000
296,296,0,0,1,0,0,0,63415985,0,000f,0004,4000
297,297,0,0,1,0,0,0,63415985,1,000f,0004,4000
298,298,0,0,1,0,0,0,63415985,0,000f,0004,4000
299,299,0,0,1,0,0,0,63415985,0,000f,0004,4000
300,300,0,0,1,0,0,0,63415985,0,000f,0004,4000
301,301,0,0,1,0,0,0,63415985,1,000f,0004,4000
302,302,0,0,1,0,0,0,63415985,0,000f,0004,4000
303,303,0,0,1,0,0,0,63415985,0,000f,0004,4000
304,304,0,0,1,0,0,0,63415985,0,000f,0004,4000
305,305,0,0,1,0,0,0,63415985,1,000f,0004,4000
306,306,0,0,1,0,0,0,63415985,0,000f,0004,4000
307,307,0,0,1,0,0,0,63415985,0,000f,0004,4000
308,308,0,0,1,0,0,0,63415985,0,000f,0004,4000
309,309,0,0,1,0,0,0,63415985,1,000f,0004,4000
310,310,0,0,1,0,0,0,63415985,0,000f,0004,4000
311,311,0,0,1,0,0,0,63415985,0,000f,0004,4000
312,312,0,0,1,0,0,0,63415985,0,000f,0004,4000
313,313,0,0,1,0,0,0,63415985,1,000f,0004,4000
314,314,0,0,1,0,0,0,63415985,0,000f,0004,4000
315,315,0,0,1,0,0,0,63415985,0,000f,0004,4000
316,316,0,0,1,0,0,0,63415985,0,000f,0004,4000
317,317,0,0,1,0,0,0,63415985,1,000f,0004,4000
318,318,0,0,1,0,0,0,63415985,0,000f,0004,4000
319,319,0,0,1,0,0,0,63415985,0,000f,0004,4000
320,320,0,0,1,0,0,0,63415985,0,000f,0004,4000
321,321,0,0,1,0,0,0,63415985,1,000f,0004,4000
322,322,0,0,1,0,0,0,63415985,0,000f,0004,4000
323,323,0,0,1,0,0,0,63415985,0,000f,0004,4000
324,324,0,0,1,0,0,0,63415985,0,000f,0004,4000
325,325,0,0,1,0,0,0,63415985,1,000f,0004,4000
326,326,0,0,1,0,0,0,63415985,0,000f,0004,4000
327,327,0,0,1,0,0,0,63415985,0,000f,0004,4000
328,328,0,0,1,0,0,0,63415985,0,000f,0004,4000
329,329,0,0,1,0,0,0,63415985,1,000f,0004,4000
330,330,0,0,1,0,0,0,63415985,0,000f,0004,4000
331,331,0,0,1,0,0,0,63415985,0,000f,0004,4000
332,332,0,0,1,0,0,0,63415985,0,000f,0004,4000
333,333,0,0,1,0,0,0,63415985,1,000f,0004,4000
334,334,0,0,1,0,0,0,63415985,0,000f,0004,4000
335,335,0,0,1,0,0,0,63415985,0,000f,0004,4000
336,336,0,0,1,0,0,0,63415985,0,000f,0004,4000
337,337,0,0,1,0,0,0,63415985,1,000f,0004,4000
338,338,0,0,1,0,0,0,63415985,0,000f,0004,4000
339,339,0,0,1,0,0,0,63415985,0,000f,0004,4000
340,340,0,0,1,0,0,0,63415985,0,000f,0004,4000
341,341,0,0,1,0,0,0,63415985,1,000f,0004,4000
342,342,0,0,1,0,0,0,63415985,0,000f,0004,4000
343,343,0,0,1,0,0,0,63415985,0,000f,0004,4000
344,344,0,0,1,0,0,0,63415985,0,000f,0004,4000
345,345,0,0,1,0,0,0,63415985,1,000f,0004,4000
346,346,0,0,1,0,0,0,63415985,0,000f,0004,4000
347,347,0,0,1,0,0,0,63415985,0,000f,0004,4000
348,348,0,0,1,0,0,0,63415985,0,000f,0004,4000
349,349,0,0,1,0,0,0,63415985,1,000f,0004,4000
350,350,0,0,1,0,0,0,63415985,0,000f,0004,4000
351,351,0,0,1,0,0,0,63415985,0,000f,0004,4000
352,352,0,0,1,0,0,0,63415985,0,000f,0004,4000
353,353,0,0,1,0,0,0,63415985,1,000f,0004,4000
354,354,0,0,1,0,0,0,63415985,0,000f,0004,4000
355,355,0,0,1,0,0,0,63415985,0,000f,0004,4000
356,356,0,0,1,0,0,0,63415985,0,000f,0004,4000
357,357,0,0,1,0,0,0,63415985,1,000f,0004,4000
358,358,0,0,1,0,0,0,63415985,0,000f,0004,4000
359,359,0,0,1,0,0,0,63415985,0,000f,0004,4000
360,360,0,0,1,0,0,0,63415985,0,000f,0004,4000
361,361,0,0,1,0,0,0,63415985,1,000f,0004,4000
362,362,0,0,1,0,0,0,63415985,0,000f,0004,4000
363,363,0,0,1,0,0,0,63415985,0,000f,0004,4000
364,364,0,0,1,0,0,0,63415985,0,000f,0004,4000
365,365,0,0,1,0,0,0,63415985,1,000f,0004,4000
366,366,0,0,1,0,0,0,63415985,0,000f,0004,4000
367,367,0,0,1,0,0,0,63415985,0,000f,0004,4000
368,368,0,0,1,0,0,0,63415985,0,000f,0004,4000
369,369,0,0,1,0,0,0,63415985,1,000f,0004,4000
370,370,0,0,1,0,0,0,63415985,0,000f,0004,4000
371,371,0,0,1,0,0,0,63415985,0,000f,0004,4000
372,372,0,0,1,0,0,0,63415985,0,000f,0004,4000
373,373,0,0,1,0,0,0,63415985,1,000f,0004,4000
374,374,0,0,1,0,0,0,63415985,0,000f,0004,4000
375,375,0,0,1,0,0,0,63415985,0,000f,0004,4000
376,376,0,0,1,0,0,0,63415985,0,000f,0004,4000
377,377,0,0,1,0,0,0,63415985,1,000f,0004,4000
378,378,0,0,1,0,0,0,63415985,0,000f,0004,4000
379,379,0,0,1,0,0,0,63415985,0,000f,0004,4000
380,380,0,0,1,0,0,0,63415985,0,000f,0004,4000
381,381,0,0,1,0,0,0,63415985,1,000f,0004,4000
382,382,0,0,1,0,0,0,63415985,0,000f,0004,4000
383,383,0,0,1,0,0,0,63415985,0,000f,0004,4000
384,384,0,0,1,0,0,0,63415985,0,000f,0004,4000
385,385,0,0,1,0,0,0,63415985,1,000f,0004,4000
386,386,0,0,1,0,0,0,63415985,0,000f,0004,4000
387,387,0,0,1,0,0,0,63415985,0,000f,0004,4000
388,388,0,0,1,0,0,0,63415985,0,000f,0004,4000
389,389,0,0,1,0,0,0,63415985,1,000f,0004,4000
390,390,0,0,1,0,0,0,63415985,0,000f,0004,4000
391,391,0,0,1,0,0,0,63415985,0,000f,0004,4000
392,392,0,0,1,0,0,0,63415985,0,000f,0004,4000
393,393,0,0,1,0,0,0,63415985,1,000f,0004,4000
394,394,0,0,1,0,0,0,63415985,0,000f,0004,4000
395,395,0,0,1,0,0,0,63415985,0,000f,0004,4000
396,396,0,0,1,0,0,0,63415985,0,000f,0004,4000
397,397,0,0,1,0,0,0,63415985,1,000f,0004,4000
398,398,0,0,1,0,0,0,63415985,0,000f,0004,4000
399,399,0,0,1,0,0,0,63415985,0,000f,0004,4000
400,400,0,0,1,0,0,0,63415985,0,000f,0004,4000
401,401,0,0,1,0,0,0,63415985,1,000f,0004,4000
402,402,0,0,1,0,0,0,63415985,0,000f,0004,4000
403,403,0,0,1,0,0,0,63415985,0,000f,0004,4000
404,404,0,0,1,0,0,0,63415985,0,000f,0004,4000
405,405,0,0,1,0,0,0,63415985,1,000f,0004,4000
406,406,0,0,1,0,0,0,63415985,0,000f,0004,4000
407,407,0,0,1,0,0,0,63415985,0,000f,0004,4000
408,408,0,0,1,0,0,0,63415985,0,000f,0004,4000
409,409,0,0,1,0,0,0,63415985,1,000f,0004,4000
410,410,0,0,1,0,0,0,63415985,0,000f,0004,4000
411,411,0,0,1,0,0,0,63415985,0,000f,0004,4000
412,412,0,0,1,0,0,0,63415985,0,000f,0004,4000
413,413,0,0,1,0,0,0,63415985,1,000f,0004,4000
414,414,0,0,1,0,0,0,63415985,0,000f,0004,4000
415,415,0,0,1,0,0,0,63415985,0,000f,0004,4000
416,416,0,0,1,0,0,0,63415985,0,000f,0004,4000
417,417,0,0,1,0,0,0,63415985,1,000f,0004,4000
418,418,0,0,1,0,0,0,63415985,0,000f,0004,4000
419,419,0,0,1,0,0,0,63415985,0,000f,0004,4000
420,420,0,0,1,0,0,0,63415985,0,000f,0004,4000
421,421,0,0,1,0,0,0,63415985,1,000f,0004,4000
422,422,0,0,1,0,0,0,63415985,0,000f,0004,4000
423,423,0,0,1,0,0,0,63415985,0,000f,0004,4000
424,424,0,0,1,0,0,0,63415985,0,000f,0004,4000
425,425,0,0,1,0,0,0,63415985,1,000f,0004,4000
426,426,0,0,1,0,0,0,63415985,0,000f,0004,4000
427,427,0,0,1,0,0,0,63415985,0,000f,0004,4000
428,428,0,0,1,0,0,0,63415985,0,000f,0004,4000
429,429,0,0,1,0,0,0,63415985,1,000f,0004,4000
430,430,0,0,1,0,0,0,63415985,0,000f,0004,4000
431,431,0,0,1,0,0,0,63415985,0,000f,0004,4000
432,432,0,0,1,0,0,0,63415985,0,000f,0004,4000
433,433,0,0,1,0,0,0,63415985,1,000f,0004,4000
434,434,0,0,1,0,0,0,63415985,0,000f,0004,4000
435,435,0,0,1,0,0,0,63415985,0,000f,0004,4000
436,436,0,0,1,0,0,0,63415985,0,000f,0004,4000
437,437,0,0,1,0,0,0,63415985,1,000f,0004,4000
438,438,0,0,1,0,0,0,63415985,0,000f,0004,4000
439,439,0,0,1,0,0,0,63415985,0,000f,0004,4000
440,440,0,0,1,0,0,0,63415985,0,000f,0004,4000
441,441,0,0,1,0,0,0,63415985,1,000f,0004,4000
442,442,0,0,1,0,0,0,63415985,0,000f,0004,4000
443,443,0,0,1,0,0,0,63415985,0,000f,0004,4000
444,444,0,0,1,0,0,0,63415985,0,000f,0004,4000
445,445,0,0,1,0,0,0,63415985,1,000f,0004,4000
446,446,0,0,1,0,0,0,63415985,0,000f,0004,4000
447,447,0,0,1,0,0,0,63415985,0,000f,0004,4000
448,448,0,0,1,0,0,0,63415985,0,000f,0004,4000
449,449,0,0,1,0,0,0,63415985,1,000f,0004,4000
450,450,0,0,1,0,0,0,63415985,0,000f,0004,4000
451,451,0,0,1,0,0,0,63415985,0,000f,0004,4000
452,452,0,0,1,0,0,0,63415985,0,000f,0004,4000
453,453,0,0,1,0,0,0,63415985,1,000f,0004,4000
454,454,0,0,1,0,0,0,63415985,0,000f,0004,4000
455,455,0,0,1,0,0,0,63415985,0,000f,0004,4000
456,456,0,0,1,0,0,0,63415985,0,000f,0004,4000
457,457,0,0,1,0,0,0,63415985,1,000f,0004,4000
458,458,0,0,1,0,0,0,63415985,0,000f,0004,4000
459,459,0,0,1,0,0,0,63415985,0,000f,0004,4000
460,460,0,0,1,0,0,0,63415985,0,000f,0004,4000
461,461,0,0,1,0,0,0,63415985,1,000f,0004,4000
462,462,0,0,1,0,0,0,63415985,0,000f,0004,4000
463,463,0,0,1,0,0,0,63415985,0,000f,0004,4000
464,464,0,0,1,0,0,0,63415985,0,000f,0004,4000
465,465,0,0,1,0,0,0,63415985,1,000f,0004,4000
466,466,0,0,1,0,0,0,63415985,0,000f,0004,4000
467,467,0,0,1,0,0,0,63415985,0,000f,0004,4000
468,468,0,0,1,0,0,0,63415985,0,000f,0004,4000
469,469,0,0,1,0,0,0,63415985,1,000f,0004,4000
470,470,0,0,1,0,0,0,63415985,0,000f,0004,4000
471,471,0,0,1,0,0,0,63415985,0,000f,0004,4000
472,472,0,0,1,0,0,0,63415985,0,000f,0004,4000
473,473,0,0,1,0,0,0,63415985,1,000f,0004,4000
474,474,0,0,1,0,0,0,63415985,0,000f,0004,4000
475,475,0,0,1,0,0,0,63415985,0,000f,0004,4000
476,476,0,0,1,0,0,0,63415985,0,000f,0004,4000
477,477,0,0,1,0,0,0,63415985,1,000f,0004,4000
478,478,0,0,1,0,0,0,63415985,0,000f,0004,4000
479,479,0,0,1,0,0,0,63415985,0,000f,0004,4000
480,480,0,0,1,0,0,0,63415985,0,000f,0004,4000
481,481,0,0,1,0,0,0,63415985,1,000f,0004,4000
482,482,0,0,1,0,0,0,63415985,0,000f,0004,4000
483,483,0,0,1,0,0,0,63415985,0,000f,0004,4000
484,484,0,0,1,0,0,0,63415985,0,000f,0004,4000
485,485,0,0,1,0,0,0,63415985,1,000f,0004,4000
486,486,0,0,1,0,0,0,63415985,0,000f,0004,4000
487,487,0,0,1,0,0,0,63415985,0,000f,0004,4000
488,488,0,0,1,0,0,0,63415985,0,000f,0004,4000
489,489,0,0,1,0,0,0,63415985,1,000f,0004,4000
490,490,0,0,1,0,0,0,63415985,0,000f,0004,4000
491,491,0,0,1,0,0,0,63415985,0,000f,0004,4000
492,492,0,0,1,0,0,0,63415985,0,000f,0004,4000
493,493,0,0,1,0,0,0,63415985,1,000f,0004,4000
494,494,0,0,1,0,0,0,63415985,0,000f,0004,4000
495,495,0,0,1,0,0,0,63415985,0,000f,0004,4000
496,496,0,0,1,0,0,0,63415985,0,000f,0004,4000
497,497,0,0,1,0,0,0,63415985,1,000f,0004,4000
498,498,0,0,1,0,0,0,63415985,0,000f,0004,4000
499,499,0,0,1,0,0,0,63415985,0,000f,0004,4000
500,500,0,0,1,0,0,0,63415985,0,000f,0004,4000
501,501,0,0,1,0,0,0,63415985,1,000f,0004,4000
502,502,0,0,1,0,0,0,63415985,0,000f,0004,4000
503,503,0,0,1,0,0,0,63415985,0,000f,0004,4000
504,504,0,0,1,0,0,0,63415985,0,000f,0004,4000
505,505,0,0,1,0,0,0,63415985,1,000f,0004,4000
506,506,0,0,1,0,0,0,63415985,0,000f,0004,4000
507,507,0,0,1,0,0,0,63415985,0,000f,0004,4000
508,508,0,0,1,0,0,0,63415985,0,000f,0004,4000
509,509,0,0,1,0,0,0,63415985,1,000f,0004,4000
510,510,0,0,1,0,0,0,63415985,0,000f,0004,4000
511,511,0,0,1,0,0,0,63415985,0,000f,0004,4000
512,512,0,0,1,0,0,0,63415985,0,000f,0004,4000
513,513,0,0,1,0,0,0,63415985,1,000f,0004,4000
514,514,0,0,1,0,0,0,63415985,0,000f,0004,4000
515,515,0,0,1,0,0,0,63415985,0,000f,0004,4000
516,516,0,0,1,0,0,0,63415985,0,000f,0004,4000
517,517,0,0,1,0,0,0,63415985,1,000f,0004,4000
518,518,0,0,1,0,0,0,63415985,0,000f,0004,4000
519,519,0,0,1,0,0,0,63415985,0,000f,0004,4000
520,520,0,0,1,0,0,0,63415985,0,000f,0004,4000
521,521,0,0,1,0,0,0,63415985,1,000f,0004,4000
522,522,0,0,1,0,0,0,63415985,0,000f,0004,4000
523,523,0,0,1,0,0,0,63415985,0,000f,0004,4000
524,524,0,0,1,0,0,0,63415985,0,000f,0004,4000
525,525,0,0,1,0,0,0,63415985,1,000f,0004,4000
526,526,0,0,1,0,0,0,63415985,0,000f,0004,4000
527,527,0,0,1,0,0,0,63415985,0,000f,0004,4000
528,528,0,0,1,0,0,0,63415985,0,000f,0004,4000
529,529,0,0,1,0,0,0,63415985,1,000f,0004,4000
530,530,0,0,1,0,0,0,63415985,0,000f,0004,4000
531,531,0,0,1,0,0,0,63415985,0,000f,0004,4000
532,532,0,0,1,0,0,0,63415985,0,000f,0004,4000
533,533,0,0,1,0,0,0,63415985,1,000f,0004,4000
534,534,0,0,1,0,0,0,63415985,0,000f,0004,4000
535,535,0,0,1,0,0,0,63415985,0,000f,0004,4000
536,536,0,0,1,0,0,0,63415985,0,000f,0004,4000
537,537,0,0,1,0,0,0,63415985,1,000f,0004,4000
538,538,0,0,1,0,0,0,63415985,0,000f,0004,4000
539,539,0,0,1,0,0,0,63415985,0,000f,0004,4000
540,540,0,0,1,0,0,0,63415985,0,000f,0004,4000
541,541,0,0,1,0,0,0,63415985,1,000f,0004,4000
542,542,0,0,1,0,0,0,63415985,0,000f,0004,4000
543,543,0,0,1,0,0,0,63415985,0,000f,0004,4000
544,544,0,0,1,0,0,0,63415985,0,000f,0004,4000
545,545,0,0,1,0,0,0,63415985,1,000f,0004,4000
546,546,0,0,1,0,0,0,63415985,0,000f,0004,4000
547,547,0,0,1,0,0,0,63415985,0,000f,0004,4000
548,548,0,0,1,0,0,0,63415985,0,000f,0004,4000
549,549,0,0,1,0,0,0,63415985,1,000f,0004,4000
550,550,0,0,1,0,0,0,63415985,0,000f,0004,4000
551,551,0,0,1,0,0,0,63415985,0,000f,0004,4000
552,552,0,0,1,0,0,0,63415985,0,000f,0004,4000
553,553,0,0,1,0,0,0,63415985,1,000f,0004,4000
554,554,0,0,1,0,0,0,63415985,0,000f,0004,4000
555,555,0,0,1,0,0,0,63415985,0,000f,0004,4000
556,556,0,0,1,0,0,0,63415985,0,000f,0004,4000
557,557,0,0,1,0,0,0,63415985,1,000f,0004,4000
558,558,0,0,1,0,0,0,63415985,0,000f,0004,4000
559,559,0,0,1,0,0,0,63415985,0,000f,0004,4000
560,560,0,0,1,0,0,0,63415985,0,000f,0004,4000
561,561,0,0,1,0,0,0,63415985,1,000f,0004,4000
562,562,0,0,1,0,0,0,63415985,0,000f,0004,4000
563,563,0,0,1,0,0,0,63415985,0,000f,0004,4000
564,564,0,0,1,0,0,0,63415985,0,000f,0004,4000
565,565,0,0,1,0,0,0,63415985,1,000f,0004,4000
566,566,0,0,1,0,0,0,63415985,0,000f,0004,4000
567,567,0,0,1,0,0,0,63415985,0,000f,0004,4000
568,568,0,0,1,0,0,0,63415985,0,000f,0004,4000
569,569,0,0,1,0,0,0,63415985,1,000f,0004,4000
570,570,0,0,1,0,0,0,63415985,0,000f,0004,4000
571,571,0,0,1,0,0,0,63415985,0,000f,0004,4000
572,572,0,0,1,0,0,0,63415985,0,000f,0004,4000
573,573,0,0,1,0,0,0,63415985,1,000f,0004,4000
574,574,0,0,1,0,0,0,63415985,0,000f,0004,4000
575,575,0,0,1,0,0,0,63415985,0,000f,0004,4000
576,576,0,0,1,0,0,0,63415985,0,000f,0004,4000
577,577,0,0,1,0,0,0,63415985,1,000f,0004,4000
578,578,0,0,1,0,0,0,63415985,0,000f,0004,4000
579,579,0,0,1,0,0,0,63415985,0,000f,0004,4000
580,580,0,0,1,0,0,0,63415985,0,000f,0004,4000
581,581,0,0,1,0,0,0,63415985,1,000f,0004,4000
582,582,0,0,1,0,0,0,63415985,0,000f,0004,4000
583,583,0,0,1,0,0,0,63415985,0,000f,0004,4000
584,584,0,0,1,0,0,0,63415985,0,000f,0004,4000
585,585,0,0,1,0,0,0,63415985,1,000f,0004,4000
586,586,0,0,1,0,0,0,63415985,0,000f,0004,4000
587,587,0,0,1,0,0,0,63415985,0,000f,0004,4000
588,588,0,0,1,0,0,0,63415985,0,000f,0004,4000
589,589,0,0,1,0,0,0,63415985,1,000f,0004,4000
590,590,0,0,1,0,0,0,63415985,0,000f,0004,4000
591,591,0,0,1,0,0,0,63415985,0,000f,0004,4000
592,592,0,0,1,0,0,0,63415985,0,000f,0004,4000
593,593,0,0,1,0,0,0,63415985,1,000f,0004,4000
594,594,0,0,1,0,0,0,63415985,0,000f,0004,4000
595,595,0,0,1,0,0,0,63415985,0,000f,0004,4000
596,596,0,0,1,0,0,0,63415985,0,000f,0004,4000
597,597,0,0,1,0,0,0,63415985,1,000f,0004,4000
598,598,0,0,1,0,0,0,63415985,0,000f,0004,4000
599,599,0,0,1,0,0,0,63415985,0,000f,0004,4000
600,600,0,0,1,0,0,0,63415985,0,000f,0004,4000
601,601,0,0,1,0,0,0,63415985,1,000f,0004,4000
602,602,0,0,1,0,0,0,63415985,0,000f,0004,4000
603,603,0,0,1,0,0,0,63415985,0,000f,0004,4000
604,604,0,0,1,0,0,0,63415985,0,000f,0004,4000
605,605,0,0,1,0,0,0,63415985,1,000f,0004,4000
606,606,0,0,1,0,0,0,63415985,0,000f,0004,4000
607,607,0,0,1,0,0,0,63415985,0,000f,0004,4000
608,608,0,0,1,0,0,0,63415985,0,000f,0004,4000
609,609,0,0,1,0,0,0,63415985,1,000f,0004,4000
610,610,0,0,1,0,0,0,63415985,0,000f,0004,4000
611,611,0,0,1,0,0,0,63415985,0,000f,0004,4000
612,612,0,0,1,0,0,0,63415985,0,000f,0004,4000
613,613,0,0,1,0,0,0,63415985,1,000f,0004,4000
614,614,0,0,1,0,0,0,63415985,0,000f,0004,4000
615,615,0,0,1,0,0,0,63415985,0,000f,0004,4000
616,616,0,0,1,0,0,0,63415985,0,000f,0004,4000
617,617,0,0,1,0,0,0,63415985,1,000f,0004,4000
618,618,0,0,1,0,0,0,63415985,0,000f,0004,4000
619,619,0,0,1,0,0,0,63415985,0,000f,0004,4000
620,620,0,0,1,0,0,0,63415985,0,000f,0004,4000
621,621,0,0,1,0,0,0,63415985,1,000f,0004,4000
622,622,0,0,1,0,0,0,63415985,0,000f,0004,4000
623,623,0,0,1,0,0,0,63415985,0,000f,0004,4000
624,624,0,0,1,0,0,0,63415985,0,000f,0004,4000
625,625,0,0,1,0,0,0,63415985,1,000f,0004,4000
626,626,0,0,1,0,0,0,63415985,0,000f,0004,4000
627,627,0,0,1,0,0,0,63415985,0,000f,0004,4000
628,628,0,0,1,0,0,0,63415985,0,000f,0004,4000
629,629,0,0,1,0,0,0,63415985,1,000f,0004,4000
630,630,0,0,1,0,0,0,63415985,0,000f,0004,4000
631,631,0,0,1,0,0,0,63415985,0,000f,0004,4000
632,632,0,0,1,0,0,0,63415985,0,000f,0004,4000
633,633,0,0,1,0,0,0,63415985,1,000f,0004,4000
634,634,0,0,1,0,0,0,63415985,0,000f,0004,4000
635,635,0,0,1,0,0,0,63415985,0,000f,0004,4000
636,636,0,0,1,0,0,0,63415985,0,000f,0004,4000
637,637,0,0,1,0,0,0,63415985,1,000f,0004,4000
638,638,0,0,1,0,0,0,63415985,0,000f,0004,4000
639,639,0,0,1,0,0,0,63415985,0,000f,0004,4000
640,640,0,0,1,0,0,0,63415985,0,000f,0004,4000
641,641,0,0,1,0,0,0,63415985,1,000f,0004,4000
642,642,0,0,1,0,0,0,63415985,0,000f,0004,4000
643,643,0,0,1,0,0,0,63415985,0,000f,0004,4000
644,644,0,0,1,0,0,0,63415985,0,000f,0004,4000
645,645,0,0,1,0,0,0,63415985,1,000f,0004,4000
646,646,0,0,1,0,0,0,63415985,0,000f,0004,4000
647,647,0,0,1,0,0,0,63415985,0,000f,0004,4000
648,648,0,0,1,0,0,0,63415985,0,000f,0004,4000
649,649,0,0,1,0,0,0,63415985,1,000f,0004,4000
650,650,0,0,1,0,0,0,63415985,0,000f,0004,4000
651,651,0,0,1,0,0,0,63415985,0,000f,0004,4000
652,652,0,0,1,0,0,0,63415985,0,000f,0004,4000
653,653,0,0,1,0,0,0,63415985,1,000f,0004,4000
654,654,0,0,1,0,0,0,63415985,0,000f,0004,4000
655,655,0,0,1,0,0,0,63415985,0,000f,0004,4000
656,656,0,0,1,0,0,0,63415985,0,000f,0004,4000
657,657,0,0,1,0,0,0,63415985,1,000f,0004,4000
658,658,0,0,1,0,0,0,63415985,0,000f,0004,4000
659,659,0,0,1,0,0,0,63415985,0,000f,0004,4000
660,660,0,0,1,0,0,0,63415985,0,000f,0004,4000
661,661,0,0,1,0,0,0,63415985,1,000f,0004,4000
662,662,0,0,1,0,0,0,63415985,0,000f,0004,4000
663,663,0,0,1,0,0,0,63415985,0,000f,0004,4000
664,664,0,0,1,0,0,0,63415985,0,000f,0004,4000
665,665,0,0,1,0,0,0,63415985,1,000f,0004,4000
666,666,0,0,1,0,0,0,63415985,0,000f,0004,4000
667,667,0,0,1,0,0,0,63415985,0,000f,0004,4000
668,668,0,0,1,0,0,0,63415985,0,000f,0004,4000
669,669,0,0,1,0,0,0,63415985,1,000f,0004,4000
670,670,0,0,1,0,0,0,63415985,0,000f,0004,4000
671,671,0,0,1,0,0,0,63415985,0,000f,0004,4000
672,672,0,0,1,0,0,0,63415985,0,000f,0004,4000
673,673,0,0,1,0,0,0,63415985,1,000f,0004,4000
674,674,0,0,1,0,0,0,63415985,0,000f,0004,4000
675,675,0,0,1,0,0,0,63415985,0,000f,0004,4000
676,676,0,0,1,0,0,0,63415985,0,000f,0004,4000
677,677,0,0,1,0,0,0,63415985,1,000f,0004,4000
678,678,0,0,1,0,0,0,63415985,0,000f,0004,4000
679,679,0,0,1,0,0,0,63415985,0,000f,0004,4000
680,680,0,0,1,0,0,0,63415985,0,000f,0004,4000
681,681,0,0,1,0,0,0,63415985,1,000f,0004,4000
682,682,0,0,1,0,0,0,63415985,0,000f,0004,4000
683,683,0,0,1,0,0,0,63415985,0,000f,0004,4000
684,684,0,0,1,0,0,0,63415985,0,000f,0004,4000
685,685,0,0,1,0,0,0,63415985,1,000f,0004,4000
686,686,0,0,1,0,0,0,63415985,0,000f,0004,4000
687,687,0,0,1,0,0,0,63415985,0,000f,0004,4000
688,688,0,0,1,0,0,0,63415985,0,000f,0004,4000
689,689,0,0,1,0,0,0,63415985,1,000f,0004,4000
690,690,0,0,1,0,0,0,63415985,0,000f,0004,4000
691,691,0,0,1,0,0,0,63415985,0,000f,0004,4000
692,692,0,0,1,0,0,0,63415985,0,000f,0004,4000
693,693,0,0,1,0,0,0,63415985,1,000f,0004,4000
694,694,0,0,1,0,0,0,63415985,0,000f,0004,4000
695,695,0,0,1,0,0,0,63415985,0,000f,0004,4000
696,696,0,0,1,0,0,0,63415985,0,000f,0004,4000
697,697,0,0,1,0,0,0,63415985,1,000f,0004,4000
698,698,0,0,1,0,0,0,63415985,0,000f,0004,4000
699,699,0,0,1,0,0,0,63415985,0,000f,0004,4000
700,700,0,0,1,0,0,0,63415985,0,000f,0004,4000
701,701,0,0,1,0,0,0,63415985,1,000f,0004,4000
702,702,0,0,1,0,0,0,63415985,0,000f,0004,4000
703,703,0,0,1,0,0,0,63415985,0,000f,0004,4000
704,704,0,0,1,0,0,0,63415985,0,000f,0004,4000
705,705,0,0,1,0,0,0,63415985,1,000f,0004,4000
706,706,0,0,1,0,0,0,63415985,0,000f,0004,4000
707,707,0,0,1,0,0,0,63415985,0,000f,0004,4000
708,708,0,0,1,0,0,0,63415985,0,000f,0004,4000
709,709,0,0,1,0,0,0,63415985,1,000f,0004,4000
710,710,0,0,1,0,0,0,63415985,0,000f,0004,4000
711,711,0,0,1,0,0,0,63415985,0,000f,0004,4000
712,712,0,0,1,0,0,0,63415985,0,000f,0004,4000
713,713,0,0,1,0,0,0,63415985,1,000f,0004,4000
714,714,0,0,1,0,0,0,63415985,0,000f,0004,4000
715,715,0,0,1,0,0,0,63415985,0,000f,0004,4000
716,716,0,0,1,0,0,0,63415985,0,000f,0004,4000
717,717,0,0,1,0,0,0,63415985,1,000f,0004,4000
718,718,0,0,1,0,0,0,63415985,0,000f,0004,4000
719,719,0,0,1,0,0,0,63415985,0,000f,0004,4000
720,720,0,0,1,0,0,0,63415985,0,000f,0004,4000
721,721,0,0,1,0,0,0,63415985,1,000f,0004,4000
722,722,0,0,1,0,0,0,63415985,0,000f,0004,4000
723,723,0,0,1,0,0,0,63415985,0,000f,0004,4000
724,724,0,0,1,0,0,0,63415985,0,000f,0004,4000
725,725,0,0,1,0,0,0,63415985,1,000f,0004,4000
726,726,0,0,1,0,0,0,63415985,0,000f,0004,4000
727,727,0,0,1,0,0,0,63415985,0,000f,0004,4000
728,728,0,0,1,0,0,0,63415985,0,000f,0004,4000
729,729,0,0,1,0,0,0,63415985,1,000f,0004,4000
730,730,0,0,1,0,0,0,63415985,0,000f,0004,4000
731,731,0,0,1,0,0,0,63415985,0,000f,0004,4000
732,732,0,0,1,0,0,0,63415985,0,000f,0004,4000
733,733,0,0,1,0,0,0,63415985,1,000f,0004,4000
734,734,0,0,1,0,0,0,63415985,0,000f,0004,4000
735,735,0,0,1,0,0,0,63415985,0,000f,0004,4000
736,736,0,0,1,0,0,0,63415985,0,000f,0004,4000
737,737,0,0,1,0,0,0,63415985,1,000f,0004,4000
738,738,0,0,1,0,0,0,63415985,0,000f,0004,4000
739,739,0,0,1,0,0,0,63415985,0,000f,0004,4000
740,740,0,0,1,0,0,0,63415985,0,000f,0004,4000
741,741,0,0,1,0,0,0,63415985,1,000f,0004,4000
742,742,0,0,1,0,0,0,63415985,0,000f,0004,4000
743,743,0,0,1,0,0,0,63415985,0,000f,0004,4000
744,744,0,0,1,0,0,0,63415985,0,000f,0004,4000
745,745,0,0,1,0,0,0,63415985,1,000f,0004,4000
746,746,0,0,1,0,0,0,63415985,0,000f,0004,4000
747,747,0,0,1,0,0,0,63415985,0,000f,0004,4000
748,748,0,0,1,0,0,0,63415985,0,000f,0004,4000
749,749,0,0,1,0,0,0,63415985,1,000f,0004,4000
750,750,0,0,1,0,0,0,63415985,0,000f,0004,4000
751,751,0,0,1,0,0,0,63415985,0,000f,0004,4000
752,752,0,0,1,0,0,0,63415985,0,000f,0004,4000
753,753,0,0,1,0,0,0,63415985,1,000f,0004,4000
754,754,0,0,1,0,0,0,63415985,0,000f,0004,4000
755,755,0,0,1,0,0,0,63415985,0,000f,0004,4000
756,756,0,0,1,0,0,0,63415985,0,000f,0004,4000
757,757,0,0,1,0,0,0,63415985,1,000f,0004,4000
758,758,0,0,1,0,0,0,63415985,0,000f,0004,4000
759,759,0,0,1,0,0,0,63415985,0,000f,0004,4000
760,760,0,0,1,0,0,0,63415985,0,000f,0004,4000
761,761,0,0,1,0,0,0,63415985,1,000f,0004,4000
762,762,0,0,1,0,0,0,63415985,0,000f,0004,4000
763,763,0,0,1,0,0,0,63415985,0,000f,0004,4000
764,764,0,0,1,0,0,0,63415985,0,000f,0004,4000
765,765,0,0,1,0,0,0,63415985,1,000f,0004,4000
766,766,0,0,1,0,0,0,63415985,0,000f,0004,4000
767,767,0,0,1,0,0,0,63415985,0,000f,0004,4000
768,768,0,0,1,0,0,0,63415985,0,000f,0004,4000
769,769,0,0,1,0,0,0,63415985,1,000f,0004,4000
770,770,0,0,1,0,0,0,63415985,0,000f,0004,4000
771,771,0,0,1,0,0,0,63415985,0,000f,0004,4000
772,772,0,0,1,0,0,0,63415985,0,000f,0004,4000
773,773,0,0,1,0,0,0,63415985,1,000f,0004,4000
774,774,0,0,1,0,0,0,63415985,0,000f,0004,4000
775,775,0,0,1,0,0,0,63415985,0,000f,0004,4000
776,776,0,0,1,0,0,0,63415985,0,000f,0004,4000
777,777,0,0,1,0,0,0,63415985,1,000f,0004,4000
778,778,0,0,1,0,0,0,63415985,0,000f,0004,4000
779,779,0,0,1,0,0,0,63415985,0,000f,0004,4000
780,780,0,0,1,0,0,0,63415985,0,000f,0004,4000
781,781,0,0,1,0,0,0,63415985,1,000f,0004,4000
782,782,0,0,1,0,0,0,63415985,0,000f,0004,4000
783,783,0,0,1,0,0,0,63415985,0,000f,0004,4000
784,784,0,0,1,0,0,0,63415985,0,000f,0004,4000
785,785,0,0,1,0,0,0,63415985,1,000f,0004,4000
786,786,0,0,1,0,0,0,63415985,0,000f,0004,4000
787,787,0,0,1,0,0,0,63415985,0,000f,0004,4000
788,788,0,0,1,0,0,0,63415985,0,000f,0004,4000
789,789,0,0,1,0,0,0,63415985,1,000f,0004,4000
790,790,0,0,1,0,0,0,63415985,0,000f,0004,4000
791,791,0,0,1,0,0,0,63415985,0,000f,0004,4000
792,792,0,0,1,0,0,0,63415985,0,000f,0004,4000
793,793,0,0,1,0,0,0,63415985,1,000f,0004,4000
794,794,0,0,1,0,0,0,63415985,0,000f,0004,4000
795,795,0,0,1,0,0,0,63415985,0,000f,0004,4000
796,796,0,0,1,0,0,0,63415985,0,000f,0004,4000
797,797,0,0,1,0,0,0,63415985,1,000f,0004,4000
798,798,0,0,1,0,0,0,63415985,0,000f,0004,4000
799,799,0,0,1,0,0,0,63415985,0,000f,0004,4000
800,800,0,0,1,0,0,0,63415985,0,000f,0004,4000
801,801,0,0,1,0,0,0,63415985,1,000f,0004,4000
802,802,0,0,1,0,0,0,63415985,0,000f,0004,4000
803,803,0,0,1,0,0,0,63415985,0,000f,0004,4000
804,804,0,0,1,0,0,0,63415985,0,000f,0004,4000
805,805,0,0,1,0,0,0,63415985,1,000f,0004,4000
806,806,0,0,1,0,0,0,63415985,0,000f,0004,4000
807,807,0,0,1,0,0,0,63415985,0,000f,0004,4000
808,808,0,0,1,0,0,0,63415985,0,000f,0004,4000
809,809,0,0,1,0,0,0,63415985,1,000f,0004,4000
810,810,0,0,1,0,0,0,63415985,0,000f,0004,4000
811,811,0,0,1,0,0,0,63415985,0,000f,0004,4000
812,812,0,0,1,0,0,0,63415985,0,000f,0004,4000
813,813,0,0,1,0,0,0,63415985,1,000f,0004,4000
814,814,0,0,1,0,0,0,63415985,0,000f,0004,4000
815,815,0,0,1,0,0,0,63415985,0,000f,0004,4000
816,816,0,0,1,0,0,0,63415985,0,000f,0004,4000
817,817,0,0,1,0,0,0,63415985,1,000f,0004,4000
818,818,0,0,1,0,0,0,63415985,0,000f,0004,4000
819,819,0,0,1,0,0,0,63415985,0,000f,0004,4000
820,820,0,0,1,0,0,0,63415985,0,000f,0004,4000
821,821,0,0,1,0,0,0,63415985,1,000f,0004,4000
822,822,0,0,1,0,0,0,63415985,0,000f,0004,4000
823,823,0,0,1,0,0,0,63415985,0,000f,0004,4000
824,824,0,0,1,0,0,0,63415985,0,000f,0004,4000
825,825,0,0,1,0,0,0,63415985,1,000f,0004,4000
826,826,0,0,1,0,0,0,63415985,0,000f,0004,4000
827,827,0,0,1,0,0,0,63415985,0,000f,0004,4000
828,828,0,0,1,0,0,0,63415985,0,000f,0004,4000
829,829,0,0,1,0,0,0,63415985,1,000f,0004,4000
830,830,0,0,1,0,0,0,63415985,0,000f,0004,4000
831,831,0,0,1,0,0,0,63415985,0,000f,0004,4000
832,832,0,0,1,0,0,0,63415985,0,000f,0004,4000
833,833,0,0,1,0,0,0,63415985,1,000f,0004,4000
834,834,0,0,1,0,0,0,63415985,0,000f,0004,4000
835,835,0,0,1,0,0,0,63415985,0,000f,0004,4000
836,836,0,0,1,0,0,0,63415985,0,000f,0004,4000
837,837,0,0,1,0,0,0,63415985,1,000f,0004,4000
838,838,0,0,1,0,0,0,63415985,0,000f,0004,4000
839,839,0,0,1,0,0,0,63415985,0,000f,0004,4000
840,840,0,0,1,0,0,0,63415985,0,000f,0004,4000
841,841,0,0,1,0,0,0,63415985,1,000f,0004,4000
842,842,0,0,1,0,0,0,63415985,0,000f,0004,4000
843,843,0,0,1,0,0,0,63415985,0,000f,0004,4000
844,844,0,0,1,0,0,0,63415985,0,000f,0004,4000
845,845,0,0,1,0,0,0,63415985,1,000f,0004,4000
846,846,0,0,1,0,0,0,63415985,0,000f,0004,4000
847,847,0,0,1,0,0,0,63415985,0,000f,0004,4000
848,848,0,0,1,0,0,0,63415985,0,000f,0004,4000
849,849,0,0,1,0,0,0,63415985,1,000f,0004,4000
850,850,0,0,1,0,0,0,63415985,0,000f,0004,4000
851,851,0,0,1,0,0,0,63415985,0,000f,0004,4000
852,852,0,0,1,0,0,0,63415985,0,000f,0004,4000
853,853,0,0,1,0,0,0,63415985,1,000f,0004,4000
854,854,0,0,1,0,0,0,63415985,0,000f,0004,4000
855,855,0,0,1,0,0,0,63415985,0,000f,0004,4000
856,856,0,0,1,0,0,0,63415985,0,000f,0004,4000
857,857,0,0,1,0,0,0,63415985,1,000f,0004,4000
858,858,0,0,1,0,0,0,63415985,0,000f,0004,4000
859,859,0,0,1,0,0,0,63415985,0,000f,0004,4000
860,860,0,0,1,0,0,0,63415985,0,000f,0004,4000
861,861,0,0,1,0,0,0,63415985,1,000f,0004,4000
862,862,0,0,1,0,0,0,63415985,0,000f,0004,4000
863,863,0,0,1,0,0,0,63415985,0,000f,0004,4000
864,864,0,0,1,0,0,0,63415985,0,000f,0004,4000
865,865,0,0,1,0,0,0,63415985,1,000f,0004,4000
866,866,0,0,1,0,0,0,63415985,0,000f,0004,4000
867,867,0,0,1,0,0,0,63415985,0,000f,0004,4000
868,868,0,0,1,0,0,0,63415985,0,000f,0004,4000
869,869,0,0,1,0,0,0,63415985,1,000f,0004,4000
870,870,0,0,1,0,0,0,63415985,0,000f,0004,4000
871,871,0,0,1,0,0,0,63415985,0,000f,0004,4000
872,872,0,0,1,0,0,0,63415985,0,000f,0004,4000
873,873,0,0,1,0,0,0,63415985,1,000f,0004,4000
874,874,0,0,1,0,0,0,63415985,0,000f,0004,4000
875,875,0,0,1,0,0,0,63415985,0,000f,0004,4000
876,876,0,0,1,0,0,0,63415985,0,000f,0004,4000
877,877,0,0,1,0,0,0,63415985,1,000f,0004,4000
878,878,0,0,1,0,0,0,63415985,0,000f,0004,4000
879,879,0,0,1,0,0,0,63415985,0,000f,0004,4000
880,880,0,0,1,0,0,0,63415985,0,000f,0004,4000
881,881,0,0,1,0,0,0,63415985,1,000f,0004,4000
882,882,0,0,1,0,0,0,63415985,0,000f,0004,4000
883,883,0,0,1,0,0,0,63415985,0,000f,0004,4000
884,884,0,0,1,0,0,0,63415985,0,000f,0004,4000
885,885,0,0,1,0,0,0,63415985,1,000f,0004,4000
886,886,0,0,1,0,0,0,63415985,0,000f,0004,4000
887,887,0,0,1,0,0,0,63415985,0,000f,0004,4000
888,888,0,0,1,0,0,0,63415985,0,000f,0004,4000
889,889,0,0,1,0,0,0,63415985,1,000f,0004,4000
890,890,0,0,1,0,0,0,63415985,0,000f,0004,4000
891,891,0,0,1,0,0,0,63415985,0,000f,0004,4000
892,892,0,0,1,0,0,0,63415985,0,000f,0004,4000
893,893,0,0,1,0,0,0,63415985,1,000f,0004,4000
894,894,0,0,1,0,0,0,63415985,0,000f,0004,4000
895,895,0,0,1,0,0,0,63415985,0,000f,0004,4000
896,896,0,0,1,0,0,0,63415985,0,000f,0004,4000
897,897,0,0,1,0,0,0,63415985,1,000f,0004,4000
898,898,0,0,1,0,0,0,63415985,0,000f,0004,4000
899,899,0,0,1,0,0,0,63415985,0,000f,0004,4000
900,900,0,0,1,0,0,0,63415985,0,000f,0004,4000
901,901,0,0,1,0,0,0,63415985,1,000f,0004,4000
902,902,0,0,1,0,0,0,63415985,0,000f,0004,4000
903,903,0,0,1,0,0,0,63415985,0,000f,0004,4000
904,904,0,0,1,0,0,0,63415985,0,000f,0004,4000
905,905,0,0,1,0,0,0,63415985,1,000f,0004,4000
906,906,0,0,1,0,0,0,63415985,0,000f,0004,4000
907,907,0,0,1,0,0,0,63415985,0,000f,0004,4000
908,908,0,0,1,0,0,0,63415985,0,000f,0004,4000
909,909,0,0,1,0,0,0,63415985,1,000f,0004,4000
910,910,0,0,1,0,0,0,63415985,0,000f,0004,4000
911,911,0,0,1,0,0,0,63415985,0,000f,0004,4000
912,912,0,0,1,0,0,0,63415985,0,000f,0004,4000
913,913,0,0,1,0,0,0,63415985,1,000f,0004,4000
914,914,0,0,1,0,0,0,63415985,0,000f,0004,4000
915,915,0,0,1,0,0,0,63415985,0,000f,0004,4000
916,916,0,0,1,0,0,0,63415985,0,000f,0004,4000
917,917,0,0,1,0,0,0,63415985,1,000f,0004,4000
918,918,0,0,1,0,0,0,63415985,0,000f,0004,4000
919,919,0,0,1,0,0,0,63415985,0,000f,0004,4000
920,920,0,0,1,0,0,0,63415985,0,000f,0004,4000
921,921,0,0,1,0,0,0,63415985,1,000f,0004,4000
922,922,0,0,1,0,0,0,63415985,0,000f,0004,4000
923,923,0,0,1,0,0,0,63415985,0,000f,0004,4000
924,924,0,0,1,0,0,0,63415985,0,000f,0004,4000
925,925,0,0,1,0,0,0,63415985,1,000f,0004,4000
926,926,0,0,1,0,0,0,63415985,0,000f,0004,4000
927,927,0,0,1,0,0,0,63415985,0,000f,0004,4000
928,928,0,0,1,0,0,0,63415985,0,000f,0004,4000
929,929,0,0,1,0,0,0,63415985,1,000f,0004,4000
930,930,0,0,1,0,0,0,63415985,0,000f,0004,4000
931,931,0,0,1,0,0,0,63415985,0,000f,0004,4000
932,932,0,0,1,0,0,0,63415985,0,000f,0004,4000
933,933,0,0,1,0,0,0,63415985,1,000f,0004,4000
934,934,0,0,1,0,0,0,63415985,0,000f,0004,4000
935,935,0,0,1,0,0,0,63415985,0,000f,0004,4000
936,936,0,0,1,0,0,0,63415985,0,000f,0004,4000
937,937,0,0,1,0,0,0,63415985,1,000f,0004,4000
938,938,0,0,1,0,0,0,63415985,0,000f,0004,4000
939,939,0,0,1,0,0,0,63415985,0,000f,0004,4000
940,940,0,0,1,0,0,0,63415985,0,000f,0004,4000
941,941,0,0,1,0,0,0,63415985,1,000f,0004,4000
942,942,0,0,1,0,0,0,63415985,0,000f,0004,4000
943,943,0,0,1,0,0,0,63415985,0,000f,0004,4000
944,944,0,0,1,0,0,0,63415985,0,000f,0004,4000
945,945,0,0,1,0,0,0,63415985,1,000f,0004,4000
946,946,0,0,1,0,0,0,63415985,0,000f,0004,4000
947,947,0,0,1,0,0,0,63415985,0,000f,0004,4000
948,948,0,0,1,0,0,0,63415985,0,000f,0004,4000
949,949,0,0,1,0,0,0,63415985,1,000f,0004,4000
950,950,0,0,1,0,0,0,63415985,0,000f,0004,4000
951,951,0,0,1,0,0,0,63415985,0,000f,0004,4000
952,952,0,0,1,0,0,0,63415985,0,000f,0004,4000
953,953,0,0,1,0,0,0,63415985,1,000f,0004,4000
954,954,0,0,1,0,0,0,63415985,0,000f,0004,4000
955,955,0,0,1,0,0,0,63415985,0,000f,0004,4000
956,956,0,0,1,0,0,0,63415985,0,000f,0004,4000
957,957,0,0,1,0,0,0,63415985,1,000f,0004,4000
958,958,0,0,1,0,0,0,63415985,0,000f,0004,4000
959,959,0,0,1,0,0,0,63415985,0,000f,0004,4000
960,960,0,0,1,0,0,0,63415985,0,000f,0004,4000
961,961,0,0,1,0,0,0,63415985,1,000f,0004,4000
962,962,0,0,1,0,0,0,63415985,0,000f,0004,4000
963,963,0,0,1,0,0,0,63415985,0,000f,0004,4000
964,964,0,0,1,0,0,0,63415985,0,000f,0004,4000
965,965,0,0,1,0,0,0,63415985,1,000f,0004,4000
966,966,0,0,1,0,0,0,63415985,0,000f,0004,4000
967,967,0,0,1,0,0,0,63415985,0,000f,0004,4000
968,968,0,0,1,0,0,0,63415985,0,000f,0004,4000
969,969,0,0,1,0,0,0,63415985,1,000f,0004,4000
970,970,0,0,1,0,0,0,63415985,0,000f,0004,4000
971,971,0,0,1,0,0,0,63415985,0,000f,0004,4000
972,972,0,0,1,0,0,0,63415985,0,000f,0004,4000
973,973,0,0,1,0,0,0,63415985,1,000f,0004,4000
974,974,0,0,1,0,0,0,63415985,0,000f,0004,4000
975,975,0,0,1,0,0,0,63415985,0,000f,0004,4000
976,976,0,0,1,0,0,0,63415985,0,000f,0004,4000
977,977,0,0,1,0,0,0,63415985,1,000f,0004,4000
978,978,0,0,1,0,0,0,63415985,0,000f,0004,4000
979,979,0,0,1,0,0,0,63415985,0,000f,0004,4000
980,980,0,0,1,0,0,0,63415985,0,000f,0004,4000
981,981,0,0,1,0,0,0,63415985,1,000f,0004,4000
982,982,0,0,1,0,0,0,63415985,0,000f,0004,4000
983,983,0,0,1,0,0,0,63415985,0,000f,0004,4000
984,984,0,0,1,0,0,0,63415985,0,000f,0004,4000
985,985,0,0,1,0,0,0,63415985,1,000f,0004,4000
986,986,0,0,1,0,0,0,63415985,0,000f,0004,4000
987,987,0,0,1,0,0,0,63415985,0,000f,0004,4000
988,988,0,0,1,0,0,0,63415985,0,000f,0004,4000
989,989,0,0,1,0,0,0,63415985,1,000f,0004,4000
990,990,0,0,1,0,0,0,63415985,0,000f,0004,4000
991,991,0,0,1,0,0,0,63415985,0,000f,0004,4000
992,992,0,0,1,0,0,0,63415985,0,000f,0004,4000
993,993,0,0,1,0,0,0,63415985,1,000f,0004,4000
994,994,0,0,1,0,0,0,63415985,0,000f,0004,4000
995,995,0,0,1,0,0,0,63415985,0,000f,0004,4000
996,996,0,0,1,0,0,0,63415985,0,000f,0004,4000
997,997,0,0,1,0,0,0,63415985,1,000f,0004,4000
998,998,0,0,1,0,0,0,63415985,0,000f,0004,4000
999,999,0,0,1,0,0,0,63415985,0,000f,0004,4000
1000,1000,0,0,1,0,0,0,63415985,0,000f,0004,4000
1001,1001,0,0,1,0,0,0,63415985,1,000f,0004,4000
1002,1002,0,0,1,0,0,0,63415985,0,000f,0004,4000
1003,1003,0,0,1,0,0,0,63415985,0,000f,0004,4000
1004,1004,0,0,1,0,0,0,63415985,0,000f,0004,4000
1005,1005,0,0,1,0,0,0,63415985,1,000f,0004,4000
1006,1006,0,0,1,0,0,0,63415985,0,000f,0004,4000
1007,1007,0,0,1,0,0,0,63415985,0,000f,0004,4000
1008,1008,0,0,1,0,0,0,63415985,0,000f,0004,4000
1009,1009,0,0,1,0,0,0,63415985,1,000f,0004,4000
1010,1010,0,0,1,0,0,0,63415985,0,000f,0004,4000
1011,1011,0,0,1,0,0,0,63415985,0,000f,0004,4000
1012,1012,0,0,1,0,0,0,63415985,0,000f,0004,4000
1013,1013,0,0,1,0,0,0,63415985,1,000f,0004,4000
1014,1014,0,0,1,0,0,0,63415985,0,000f,0004,4000
1015,1015,0,0,1,0,0,0,63415985,0,000f,0004,4000
1016,1016,0,0,1,0,0,0,63415985,0,000f,0004,4000
1017,1017,0,0,1,0,0,0,63415985,1,000f,0004,4000
1018,1018,0,0,1,0,0,0,63415985,0,000f,0004,4000
1019,1019,0,0,1,0,0,0,63415985,0,000f,0004,4000
1020,1020,0,0,1,0,0,0,63415985,0,000f,0004,4000
1021,1021,0,0,1,0,0,0,63415985,1,000f,0004,4000
1022,1022,0,0,1,0,0,0,63415985,0,000f,0004,4000
1023,1023,0,0,1,0,0,0,63415985,0,000f,0004,4000
